grid_id,centroid_lon,centroid_lat,first_capture_date,estimate_date,last_capture_date,flight_bucket,coverage_status
JNB0001,28.115703799562446,-26.08741043082538,2024-02-17T11:07:19,2024-02-17T11:07:19,2024-04-19T07:58:46,2024-04-19,centroid_hit
JNB0002,28.124968013906127,-26.086054604678115,2024-02-17T10:40:45,2024-02-17T10:51:57,2024-04-19T07:58:46,2024-04-19,centroid_hit
JNB0003,28.132043647144588,-26.085979660043296,2024-02-17T10:40:45,2024-02-17T10:40:45,2024-02-17T10:40:51,2024-02-17,centroid_hit
JNB0004,28.106226747206414,-26.094627781658954,2024-02-17T11:07:05,2024-02-17T11:21:59,2024-04-19T08:08:08,2024-04-19,centroid_hit
JNB0005,28.114974029802255,-26.09335865285316,2024-02-17T11:07:08,2024-02-17T11:07:16,2024-04-19T07:58:46,2024-04-19,centroid_hit
JNB0006,28.124972264480785,-26.093281024138953,2024-02-17T10:40:48,2024-02-17T10:51:46,2024-04-19T07:58:46,2024-04-19,centroid_hit
JNB0007,28.13200319988147,-26.09350136866183,2024-02-17T10:40:50,2024-02-17T10:40:57,2024-02-17T10:41:02,2024-02-17,centroid_hit
JNB0008,28.0954438787572,-26.10289749837852,2024-04-19T08:08:08,2024-04-19T08:21:47,2024-04-19T08:33:09,2024-04-19,centroid_hit
JNB0009,28.105060595275614,-26.10246364061667,2024-02-17T11:10:07,2024-02-17T11:21:49,2024-04-19T08:18:53,2024-04-19,centroid_hit
JNB0010,28.115059637917376,-26.102386674050823,2024-02-17T11:06:51,2024-02-17T11:07:00,2024-04-19T07:58:33,2024-04-19,centroid_hit
JNB0011,28.125058639871117,-26.102309014497653,2024-02-17T10:37:42,2024-02-17T10:51:32,2024-04-19T07:58:32,2024-04-19,centroid_hit
JNB0012,28.134968127186447,-26.10241415441551,2024-02-17T10:24:58,2024-02-17T10:27:27,2024-02-17T10:41:14,2024-02-17,centroid_hit
JNB0013,28.145056520256222,-26.102151616472973,2024-02-17T10:14:31,2024-02-17T10:14:36,2024-02-17T10:27:32,2024-02-17,centroid_hit
JNB0014,28.07553277144762,-26.112839524567473,2024-02-21T09:30:37,2024-02-21T09:44:27,2024-02-21T09:47:10,2024-02-21,centroid_hit
JNB0015,28.085398924261767,-26.11193939236957,2024-02-21T09:46:58,2024-04-19T08:36:06,2024-04-19T08:36:13,2024-04-19,centroid_hit
JNB0016,28.095145625793425,-26.111567984679862,2024-04-19T08:08:24,2024-04-19T08:22:00,2024-04-19T08:33:06,2024-04-19,centroid_hit
JNB0017,28.105145476425406,-26.111491680818965,2024-02-17T11:10:21,2024-02-17T11:21:32,2024-04-19T08:18:43,2024-04-19,centroid_hit
JNB0018,28.115145286720516,-26.11141468368474,2024-02-17T10:55:37,2024-02-17T11:06:45,2024-04-19T07:58:20,2024-04-19,centroid_hit
JNB0019,28.125145056314054,-26.111336993287985,2024-02-17T10:37:28,2024-02-17T10:51:16,2024-04-19T07:58:20,2024-04-19,centroid_hit
JNB0020,28.135144784841305,-26.111258609639602,2024-02-17T10:24:40,2024-02-17T10:27:39,2024-02-17T10:41:27,2024-02-17,centroid_hit
JNB0021,28.14514447193758,-26.111179532750597,2024-02-17T10:14:44,2024-02-17T10:14:50,2024-02-17T10:27:33,2024-02-17,centroid_hit
JNB0022,28.056032015903327,-26.1222972028074,2024-02-21T09:05:12,2024-02-21T09:05:12,2024-02-21T09:16:30,2024-02-21,centroid_hit
JNB0023,28.065271643406167,-26.12088666349511,2024-02-21T09:16:25,2024-02-21T09:19:24,2024-02-21T09:33:44,2024-02-21,centroid_hit
JNB0024,28.075228422330024,-26.120746631246583,2024-02-21T09:30:26,2024-02-21T09:44:16,2024-02-21T09:47:22,2024-02-21,centroid_hit
JNB0025,28.08522912059961,-26.120671684217147,2024-02-21T09:47:08,2024-04-19T08:36:21,2024-04-19T08:36:27,2024-04-19,centroid_hit
JNB0026,28.095229779248573,-26.12059604361781,2024-04-19T08:08:39,2024-04-19T08:22:17,2024-04-19T08:32:53,2024-04-19,centroid_hit
JNB0027,28.105230397912063,-26.120519709459195,2024-02-17T11:10:31,2024-02-17T11:21:15,2024-04-19T08:18:31,2024-04-19,centroid_hit
JNB0028,28.115230976225245,-26.120442681752007,2024-02-17T10:51:01,2024-02-17T11:06:29,2024-02-17T11:21:10,2024-02-17,centroid_hit
JNB0029,28.125231513823277,-26.120364960507057,2024-02-17T10:37:11,2024-02-17T10:51:04,2024-02-17T10:55:55,2024-02-17,centroid_hit
JNB0030,28.135232010341333,-26.120286545735265,2024-02-17T10:24:23,2024-02-17T10:37:17,2024-02-17T10:41:39,2024-02-17,centroid_hit
JNB0031,28.145232465414605,-26.12020743744763,2024-02-17T10:11:30,2024-02-17T10:15:02,2024-02-17T10:27:47,2024-02-17,centroid_hit
JNB0032,28.15298966000313,-26.121540905964114,2024-02-17T10:11:30,2024-02-17T10:11:38,2024-02-17T10:15:10,2024-02-17,centroid_hit
JNB0033,28.047298804465484,-26.13114834310503,2024-02-21T08:48:43,2024-02-21T08:51:31,2024-02-21T09:02:30,2024-02-21,centroid_hit
JNB0034,28.05530802811154,-26.129922610387418,2024-02-21T09:02:20,2024-02-21T09:05:21,2024-02-21T09:16:25,2024-02-21,centroid_hit
JNB0035,28.065309572976734,-26.129849021328152,2024-02-21T09:16:12,2024-02-21T09:19:37,2024-02-21T09:34:00,2024-02-21,centroid_hit
JNB0036,28.075311078938064,-26.129774738402748,2024-02-21T09:30:13,2024-02-21T09:44:03,2024-02-21T09:47:36,2024-02-21,centroid_hit
JNB0037,28.085312545630547,-26.129699761621634,2024-02-21T09:47:22,2024-04-19T08:36:35,2024-04-19T08:36:43,2024-04-19,centroid_hit
JNB0038,28.095313972689198,-26.129624090995325,2024-04-19T08:08:58,2024-04-19T08:22:32,2024-04-19T08:32:41,2024-04-19,centroid_hit
JNB0039,28.10531535974904,-26.129547726534454,2024-02-17T11:10:47,2024-02-17T11:21:01,2024-04-19T08:18:19,2024-04-19,centroid_hit
JNB0040,28.115316706445114,-26.129470668249745,2024-02-17T10:55:55,2024-02-17T11:06:13,2024-02-17T11:21:10,2024-02-17,centroid_hit
JNB0041,28.125318012412468,-26.129392916152,2024-02-17T10:36:55,2024-02-17T10:50:44,2024-02-17T10:56:07,2024-02-17,centroid_hit
JNB0042,28.135319277286154,-26.129314470252133,2024-02-17T10:24:05,2024-02-17T10:28:04,2024-02-17T10:41:53,2024-02-17,centroid_hit
JNB0043,28.145320500701228,-26.129235330561166,2024-02-17T10:11:15,2024-02-17T10:15:15,2024-02-17T10:28:10,2024-02-17,centroid_hit
JNB0044,28.153663889339416,-26.129168778255085,2024-02-17T10:11:15,2024-02-17T10:11:23,2024-02-17T10:15:20,2024-02-17,centroid_hit
JNB0045,28.035778499532945,-26.13977669898443,2024-02-21T08:36:07,2024-02-21T08:38:43,2024-02-21T08:48:43,2024-02-21,centroid_hit
JNB0046,28.045386834142636,-26.139023688788374,2024-02-21T08:48:32,2024-02-21T08:51:44,2024-02-21T09:02:19,2024-02-21,centroid_hit
JNB0047,28.055389186373503,-26.138950764675467,2024-02-21T09:02:07,2024-02-21T09:05:35,2024-02-21T09:16:12,2024-02-21,centroid_hit
JNB0048,28.06539150005265,-26.138877146410746,2024-02-21T09:15:59,2024-02-21T09:19:51,2024-02-21T09:34:14,2024-02-21,centroid_hit
JNB0049,28.07539377481496,-26.138802834004544,2024-02-21T09:29:59,2024-02-21T09:43:48,2024-02-21T09:47:50,2024-02-21,centroid_hit
JNB0050,28.085396010295316,-26.138727827467303,2024-02-21T09:47:36,2024-04-19T08:36:50,2024-04-19T08:36:58,2024-04-19,centroid_hit
JNB0051,28.095398206128625,-26.138652126809536,2024-04-19T08:17:55,2024-04-19T08:22:47,2024-04-19T08:32:29,2024-04-19,centroid_hit
JNB0052,28.105400361949783,-26.13857573204189,2024-02-17T11:10:59,2024-04-19T08:02:02,2024-04-19T08:18:07,2024-04-19,centroid_hit
JNB0053,28.11540247739371,-26.13849864317507,2024-02-17T10:56:07,2024-02-17T11:05:58,2024-02-17T11:11:11,2024-02-17,centroid_hit
JNB0054,28.125404552095333,-26.138420860219906,2024-02-17T10:36:38,2024-02-17T10:50:32,2024-02-17T10:56:19,2024-02-17,centroid_hit
JNB0055,28.135406585689577,-26.13834238318732,2024-02-17T10:23:48,2024-02-17T10:28:16,2024-02-17T10:42:05,2024-02-17,centroid_hit
JNB0056,28.145408577811384,-26.13826321208833,2024-02-17T10:10:59,2024-02-17T10:15:27,2024-02-17T10:28:11,2024-02-17,centroid_hit
JNB0057,28.15375260772481,-26.138196633369777,2024-02-17T10:10:59,2024-02-17T10:11:09,2024-02-17T10:15:21,2024-02-17,centroid_hit
JNB0058,28.026474327346467,-26.148907085795496,2024-02-21T08:14:15,2024-02-21T08:23:43,2024-02-21T08:36:06,2024-02-21,centroid_hit
JNB0059,28.035464102142242,-26.148124119072314,2024-02-21T08:26:19,2024-02-21T08:36:02,2024-02-21T08:48:30,2024-02-21,centroid_hit
JNB0060,28.04546726176438,-26.148051860462406,2024-02-21T08:38:50,2024-02-21T08:51:58,2024-02-21T09:02:07,2024-02-21,centroid_hit
JNB0061,28.055470383187185,-26.147978907415062,2024-02-21T09:01:54,2024-02-21T09:05:49,2024-02-21T09:15:58,2024-02-21,centroid_hit
JNB0062,28.065473466045407,-26.14790525994051,2024-02-21T09:15:46,2024-02-21T09:20:05,2024-02-21T09:34:25,2024-02-21,centroid_hit
JNB0063,28.0754765099738,-26.14783091804911,2024-02-21T09:29:46,2024-02-21T09:43:37,2024-02-21T09:48:04,2024-02-21,centroid_hit
JNB0064,28.085479514607144,-26.147755881751277,2024-02-21T09:47:51,2024-04-19T08:37:05,2024-04-19T08:37:13,2024-04-19,centroid_hit
JNB0065,28.095482479580202,-26.14768015105756,2024-04-19T08:17:42,2024-04-19T08:23:02,2024-04-19T08:32:15,2024-04-19,centroid_hit
JNB0066,28.105485404527762,-26.147603725978588,2024-02-17T11:11:11,2024-04-19T08:02:17,2024-04-19T08:17:53,2024-04-19,centroid_hit
JNB0067,28.11548828908462,-26.14752660652509,2024-02-17T10:50:08,2024-02-17T11:05:41,2024-02-17T11:11:24,2024-02-17,centroid_hit
JNB0068,28.125491132885575,-26.1474487927079,2024-02-17T10:36:24,2024-02-17T10:50:16,2024-02-17T10:56:32,2024-02-17,centroid_hit
JNB0069,28.13549393556544,-26.147370284537928,2024-02-17T10:23:30,2024-02-17T10:28:28,2024-02-17T10:42:18,2024-02-17,centroid_hit
JNB0070,28.14549669675903,-26.147291082026207,2024-02-17T10:10:41,2024-02-17T10:15:41,2024-02-17T10:23:47,2024-02-17,centroid_hit
JNB0071,28.153248833610675,-26.147520060184846,2024-02-17T10:10:41,2024-02-17T10:10:50,2024-02-17T10:15:46,2024-02-17,centroid_hit
JNB0072,28.015800759596267,-26.15742248796579,2024-02-21T08:02:32,2024-02-21T08:11:41,2024-02-21T08:14:29,2024-02-21,centroid_hit
JNB0073,28.025539831354607,-26.157223900412916,2024-02-21T08:14:16,2024-02-21T08:23:32,2024-02-21T08:26:46,2024-02-21,centroid_hit
JNB0074,28.035543798393384,-26.157152307862695,2024-02-21T08:26:33,2024-02-21T08:35:49,2024-02-21T08:48:17,2024-02-21,centroid_hit
JNB0075,28.045547727585454,-26.15708002058945,2024-02-21T08:39:04,2024-02-21T08:52:12,2024-02-21T09:01:53,2024-02-21,centroid_hit
JNB0076,28.05555161856545,-26.157007038603336,2024-02-21T09:01:41,2024-02-21T09:06:03,2024-02-21T09:15:45,2024-02-21,centroid_hit
JNB0077,28.065555470967986,-26.156933361914586,2024-02-21T09:15:33,2024-02-21T09:20:17,2024-02-21T09:34:41,2024-02-21,centroid_hit
JNB0078,28.075559284427705,-26.156858990533554,2024-02-21T09:29:33,2024-02-21T09:43:23,2024-02-21T09:48:18,2024-02-21,centroid_hit
JNB0079,28.085563058579247,-26.15678392447069,2024-02-21T09:48:05,2024-04-19T08:37:20,2024-04-19T08:37:28,2024-04-19,centroid_hit
JNB0080,28.095566793057277,-26.15670816373652,2024-04-19T08:17:30,2024-04-19T08:23:19,2024-04-19T08:32:03,2024-04-19,centroid_hit
JNB0081,28.10557048749645,-26.156631708341692,2024-02-17T11:11:25,2024-04-19T08:02:32,2024-04-19T08:17:41,2024-04-19,centroid_hit
JNB0082,28.115574141531432,-26.156554558296936,2024-02-17T10:56:33,2024-02-17T11:05:26,2024-02-17T11:11:36,2024-02-17,centroid_hit
JNB0083,28.125577754796915,-26.156476713613092,2024-02-17T10:36:07,2024-02-17T10:50:00,2024-02-17T10:56:45,2024-02-17,centroid_hit
JNB0084,28.135581326927575,-26.156398174301074,2024-02-17T10:23:16,2024-02-17T10:36:12,2024-02-17T10:42:31,2024-02-17,centroid_hit
JNB0085,28.14558485755812,-26.156318940371925,2024-02-17T10:10:25,2024-02-17T10:15:53,2024-02-17T10:28:44,2024-02-17,centroid_hit
JNB0086,28.153744219457366,-26.15591652632214,2024-02-17T10:10:26,2024-02-17T10:10:33,2024-02-17T10:15:57,2024-02-17,centroid_hit
JNB0087,27.986323882468614,-26.168694176029355,2024-02-21T07:21:19,2024-02-21T07:24:25,2024-02-21T07:33:34,2024-02-21,centroid_hit
JNB0088,27.99601887486632,-26.167245395943795,2024-02-21T07:33:29,2024-02-21T07:36:33,2024-02-21T07:50:03,2024-02-21,centroid_hit
JNB0089,28.00602899514609,-26.166803390743745,2024-02-21T07:46:11,2024-02-21T07:50:04,2024-02-21T08:02:48,2024-02-21,centroid_hit
JNB0090,28.015614021023936,-26.16632303198371,2024-02-21T07:59:19,2024-02-21T08:11:28,2024-02-21T08:14:44,2024-02-21,centroid_hit
JNB0091,28.025618795504496,-26.166252106049896,2024-02-21T08:14:30,2024-02-21T08:23:18,2024-02-21T08:27:00,2024-02-21,centroid_hit
JNB0092,28.035623532491226,-26.166180485107525,2024-02-21T08:26:47,2024-02-21T08:35:34,2024-02-21T08:48:04,2024-02-21,centroid_hit
JNB0093,28.04562823161862,-26.16610816916664,2024-02-21T08:39:18,2024-02-21T08:52:28,2024-02-21T09:01:40,2024-02-21,centroid_hit
JNB0094,28.05563289252117,-26.166035158237417,2024-02-21T09:01:28,2024-02-21T09:06:18,2024-02-21T09:15:32,2024-02-21,centroid_hit
JNB0095,28.065637514833384,-26.165961452330098,2024-02-21T09:15:20,2024-02-21T09:20:34,2024-02-21T09:34:55,2024-02-21,centroid_hit
JNB0096,28.07564209818978,-26.165887051455027,2024-02-21T09:29:20,2024-02-21T09:43:10,2024-02-21T09:48:31,2024-02-21,centroid_hit
JNB0097,28.085646642224877,-26.16581195562266,2024-02-21T09:48:19,2024-04-19T08:37:37,2024-04-19T08:37:43,2024-04-19,centroid_hit
JNB0098,28.09565114657321,-26.165736164843544,2024-04-19T08:17:18,2024-04-19T08:23:34,2024-04-19T08:31:51,2024-04-19,centroid_hit
JNB0099,28.10565561086932,-26.165659679128314,2024-02-17T11:11:37,2024-04-19T08:02:49,2024-04-19T08:17:29,2024-04-19,centroid_hit
JNB0100,28.11566003474775,-26.16558249848772,2024-02-17T10:56:46,2024-02-17T11:05:08,2024-02-17T11:11:48,2024-02-17,centroid_hit
JNB0101,28.125664417843065,-26.165504622932595,2024-02-17T10:35:47,2024-02-17T10:49:43,2024-02-17T10:56:57,2024-02-17,centroid_hit
JNB0102,28.135668759789834,-26.165426052473876,2024-02-17T10:22:58,2024-02-17T10:28:55,2024-02-17T10:42:43,2024-02-17,centroid_hit
JNB0103,28.145673060222624,-26.16534678712259,2024-02-17T10:10:06,2024-02-17T10:16:05,2024-02-17T10:23:14,2024-02-17,centroid_hit
JNB0104,28.153879259088132,-26.165263816735145,2024-02-17T10:10:06,2024-02-17T10:10:14,2024-02-17T10:16:02,2024-02-17,centroid_hit
JNB0105,27.95607250875505,-26.177535053373127,2024-02-17T11:52:26,2024-02-21T06:45:56,2024-02-21T06:48:47,2024-02-21,centroid_hit
JNB0106,27.96576892363005,-26.17647682358577,2024-02-21T06:48:40,2024-02-21T06:57:03,2024-02-21T07:00:27,2024-02-21,centroid_hit
JNB0107,27.975669705364883,-26.17562811737749,2024-02-21T07:00:17,2024-02-21T07:08:52,2024-02-21T07:21:20,2024-02-21,centroid_hit
JNB0108,27.985675396540355,-26.175559944557815,2024-02-21T07:21:10,2024-02-21T07:24:33,2024-02-21T07:33:27,2024-02-21,centroid_hit
JNB0109,27.995681051672083,-26.175491076414776,2024-02-21T07:33:17,2024-02-21T07:36:46,2024-02-21T07:46:10,2024-02-21,centroid_hit
JNB0110,28.005686670394407,-26.175421512958046,2024-02-21T07:45:59,2024-02-21T07:50:16,2024-02-21T08:03:02,2024-02-21,centroid_hit
JNB0111,28.015692252341665,-26.175351254197405,2024-02-21T08:02:50,2024-02-21T08:11:15,2024-02-21T08:14:56,2024-02-21,centroid_hit
JNB0112,28.025697797148215,-26.17528030014271,2024-02-21T08:14:45,2024-02-21T08:23:05,2024-02-21T08:27:14,2024-02-21,centroid_hit
JNB0113,28.03570330444841,-26.17520865080392,2024-02-21T08:27:01,2024-02-21T08:35:21,2024-02-21T08:39:46,2024-02-21,centroid_hit
JNB0114,28.045708773876623,-26.175136306191117,2024-02-21T08:39:42,2024-02-21T08:52:42,2024-02-21T09:01:26,2024-02-21,centroid_hit
JNB0115,28.055714205067225,-26.175063266314446,2024-02-21T09:01:15,2024-02-21T09:06:32,2024-02-21T09:15:19,2024-02-21,centroid_hit
JNB0116,28.065719597654606,-26.174989531184167,2024-02-21T09:15:07,2024-02-21T09:20:48,2024-02-21T09:29:17,2024-02-21,centroid_hit
JNB0117,28.075724951273152,-26.174915100810647,2024-02-21T09:34:56,2024-02-21T09:42:57,2024-02-21T09:48:45,2024-02-21,centroid_hit
JNB0118,28.08573026555727,-26.17483997520432,2024-02-21T09:48:33,2024-04-19T08:37:52,2024-04-19T08:37:58,2024-04-19,centroid_hit
JNB0119,28.09573554014137,-26.17476415437575,2024-04-19T08:17:06,2024-04-19T08:23:49,2024-04-19T08:31:39,2024-04-19,centroid_hit
JNB0120,28.105740774659868,-26.174687638335584,2024-02-17T11:11:50,2024-02-17T11:19:36,2024-04-19T08:17:17,2024-04-19,centroid_hit
JNB0121,28.11574596874719,-26.174610427094564,2024-02-17T10:56:58,2024-02-17T11:04:52,2024-02-17T11:12:02,2024-02-17,centroid_hit
JNB0122,28.125751122037773,-26.174532520663533,2024-02-17T10:35:30,2024-02-17T10:49:27,2024-02-17T10:57:10,2024-02-17,centroid_hit
JNB0123,28.135756234166067,-26.174453919053434,2024-02-17T10:22:41,2024-02-17T10:29:07,2024-02-17T10:42:56,2024-02-17,centroid_hit
JNB0124,28.145761304766516,-26.174374622275305,2024-02-17T10:09:50,2024-02-17T10:16:17,2024-02-17T10:22:58,2024-02-17,centroid_hit
JNB0125,28.153631162749406,-26.17490035449218,2024-02-17T10:09:48,2024-02-17T10:09:58,2024-02-17T10:16:22,2024-02-17,centroid_hit
JNB0126,27.946582847358204,-26.185673159169916,2024-02-17T11:42:25,2024-02-17T11:44:54,2024-02-17T11:52:26,2024-02-17,centroid_hit
JNB0127,27.955731860397762,-26.184790750642886,2024-02-17T11:44:55,2024-02-21T06:45:45,2024-02-21T06:49:01,2024-02-21,centroid_hit
JNB0128,27.965738393327946,-26.18472394202696,2024-02-21T06:48:47,2024-02-21T06:56:51,2024-02-21T07:00:39,2024-02-21,centroid_hit
JNB0129,27.975744890933942,-26.184656437793024,2024-02-21T07:00:28,2024-02-21T07:08:37,2024-02-21T07:21:07,2024-02-21,centroid_hit
JNB0130,27.98575135284995,-26.184588237950557,2024-02-21T07:12:30,2024-02-21T07:24:49,2024-02-21T07:33:14,2024-02-21,centroid_hit
JNB0131,27.995757778710164,-26.184519342509144,2024-02-21T07:33:02,2024-02-21T07:37:00,2024-02-21T07:45:56,2024-02-21,centroid_hit
JNB0132,28.005764168148815,-26.184449751478468,2024-02-21T07:45:44,2024-02-21T07:50:30,2024-02-21T08:03:15,2024-02-21,centroid_hit
JNB0133,28.01577052080011,-26.18437946486829,2024-02-21T08:03:03,2024-02-21T08:11:02,2024-02-21T08:15:12,2024-02-21,centroid_hit
JNB0134,28.025776836298288,-26.184308482688497,2024-02-21T08:14:59,2024-02-21T08:22:51,2024-02-21T08:27:27,2024-02-21,centroid_hit
JNB0135,28.03578311427758,-26.184236804949048,2024-02-21T08:27:16,2024-02-21T08:35:08,2024-02-21T08:39:59,2024-02-21,centroid_hit
JNB0136,28.04578935437224,-26.184164431660008,2024-02-21T08:39:58,2024-02-21T08:52:56,2024-02-21T09:01:13,2024-02-21,centroid_hit
JNB0137,28.05579555621651,-26.18409136283156,2024-02-21T09:01:02,2024-02-21T09:06:46,2024-02-21T09:15:05,2024-02-21,centroid_hit
JNB0138,28.065801719444657,-26.184017598473943,2024-02-21T09:14:55,2024-02-21T09:21:02,2024-02-21T09:29:05,2024-02-21,centroid_hit
JNB0139,28.07580784369096,-26.18394313859754,2024-02-21T09:28:54,2024-02-21T09:42:45,2024-02-21T09:48:59,2024-02-21,centroid_hit
JNB0140,28.08581392858969,-26.1838679832128,2024-02-21T09:48:46,2024-04-19T08:38:07,2024-04-19T08:38:13,2024-04-19,centroid_hit
JNB0141,28.095819973775132,-26.18379213233027,2024-04-19T08:16:53,2024-04-19T08:24:04,2024-04-19T08:31:27,2024-04-19,centroid_hit
JNB0142,28.10582597888159,-26.183715585960623,2024-02-17T11:12:02,2024-02-17T11:19:22,2024-04-19T08:17:05,2024-04-19,centroid_hit
JNB0143,28.11583194354337,-26.18363834411459,2024-02-17T10:57:10,2024-02-17T11:04:36,2024-02-17T11:12:14,2024-02-17,centroid_hit
JNB0144,28.12583786739478,-26.18356040680303,2024-02-17T10:35:14,2024-02-17T10:49:11,2024-02-17T10:57:23,2024-02-17,centroid_hit
JNB0145,28.13584375007014,-26.183481774036892,2024-02-17T10:22:24,2024-02-17T10:29:19,2024-02-17T10:43:06,2024-02-17,centroid_hit
JNB0146,28.145849591203792,-26.183402445827205,2024-02-17T10:09:33,2024-02-17T10:16:29,2024-02-17T10:22:39,2024-02-17,centroid_hit
JNB0147,28.153598670723014,-26.18307802620896,2024-02-17T10:09:35,2024-02-17T10:09:40,2024-02-17T10:09:48,2024-02-17,centroid_hit
JNB0148,27.927932949556073,-26.19470079115931,2024-02-17T11:27:49,2024-02-17T11:27:51,2024-02-17T11:27:55,2024-02-17,centroid_hit
JNB0149,27.935950956724888,-26.19411518270233,2024-02-17T11:27:49,2024-02-17T11:33:20,2024-02-17T11:36:09,2024-02-17,centroid_hit
JNB0150,27.945798200378192,-26.193885251944458,2024-02-17T11:35:58,2024-02-17T11:42:19,2024-04-19T08:46:01,2024-04-19,centroid_hit
JNB0151,27.955805539408498,-26.193819112755993,2024-02-17T11:45:05,2024-02-21T06:45:32,2024-04-19T08:46:01,2024-04-19,centroid_hit
JNB0152,27.965812843468747,-26.19375227766449,2024-02-21T06:49:02,2024-02-21T06:56:39,2024-02-21T07:00:54,2024-02-21,centroid_hit
JNB0153,27.975820112192995,-26.193684746679345,2024-02-21T07:00:42,2024-02-21T07:08:25,2024-02-21T07:20:54,2024-02-21,centroid_hit
JNB0154,27.985827345215327,-26.193616519810043,2024-02-21T07:20:44,2024-02-21T07:25:03,2024-02-21T07:33:01,2024-02-21,centroid_hit
JNB0155,27.995834542169824,-26.19354759706616,2024-02-21T07:32:50,2024-02-21T07:37:14,2024-02-21T07:45:43,2024-02-21,centroid_hit
JNB0156,28.005841702690574,-26.19347797845739,2024-02-21T07:45:33,2024-02-21T07:50:44,2024-02-21T08:03:25,2024-02-21,centroid_hit
JNB0157,28.01584882641168,-26.193407663993515,2024-02-21T08:03:18,2024-02-21T08:10:49,2024-02-21T08:15:24,2024-02-21,centroid_hit
JNB0158,28.02585591296725,-26.193336653684405,2024-02-21T08:15:13,2024-02-21T08:22:38,2024-02-21T08:27:41,2024-02-21,centroid_hit
JNB0159,28.03586296199139,-26.193264947540026,2024-02-21T08:27:30,2024-02-21T08:34:55,2024-02-21T08:47:23,2024-02-21,centroid_hit
JNB0160,28.045869973118236,-26.193192545570465,2024-02-21T08:47:14,2024-02-21T08:53:10,2024-02-21T09:01:00,2024-02-21,centroid_hit
JNB0161,28.055876945981915,-26.193119447785882,2024-02-21T09:00:48,2024-02-21T09:07:00,2024-02-21T09:14:52,2024-02-21,centroid_hit
JNB0162,28.065883880216564,-26.193045654196556,2024-02-21T09:14:40,2024-02-21T09:21:16,2024-02-21T09:28:52,2024-02-21,centroid_hit
JNB0163,28.075890775456337,-26.19297116481285,2024-02-21T09:28:40,2024-02-21T09:42:32,2024-02-21T09:49:14,2024-02-21,centroid_hit
JNB0164,28.08589763133539,-26.192895979645222,2024-02-21T09:49:02,2024-04-19T08:38:22,2024-04-19T08:38:29,2024-04-19,centroid_hit
JNB0165,28.095904447487886,-26.192820098704235,2024-04-19T08:16:41,2024-04-19T08:24:19,2024-04-19T08:31:13,2024-04-19,centroid_hit
JNB0166,28.105911223548,-26.192743522000544,2024-02-17T11:12:14,2024-02-17T11:19:04,2024-04-19T08:16:52,2024-04-19,centroid_hit
JNB0167,28.115917959149915,-26.192666249544914,2024-02-17T10:57:24,2024-02-17T11:04:20,2024-02-17T11:12:27,2024-02-17,centroid_hit
JNB0168,28.125924653927825,-26.192588281348193,2024-02-17T10:34:55,2024-02-17T10:48:57,2024-02-17T10:57:34,2024-02-17,centroid_hit
JNB0169,28.13593130751593,-26.192509617421337,2024-02-17T10:22:06,2024-02-17T10:29:32,2024-02-17T10:43:23,2024-02-17,centroid_hit
JNB0170,28.145937919548437,-26.192430257775385,2024-02-17T10:09:17,2024-02-17T10:16:41,2024-02-17T10:22:22,2024-02-17,centroid_hit
JNB0171,28.154285803512014,-26.192363520498983,2024-02-17T10:09:17,2024-02-17T10:09:25,2024-02-17T10:09:32,2024-02-17,centroid_hit
JNB0172,27.927998973514168,-26.20303005257955,2024-02-17T11:27:57,2024-02-17T11:28:02,2024-02-17T11:33:04,2024-02-17,centroid_hit
JNB0173,27.93586299769762,-26.20297909794168,2024-02-17T11:27:57,2024-02-17T11:33:07,2024-02-17T11:36:20,2024-02-17,centroid_hit
JNB0174,27.945871142851306,-26.20291362873736,2024-02-17T11:36:07,2024-02-17T11:42:05,2024-04-19T08:45:54,2024-04-19,centroid_hit
JNB0175,27.955879253389302,-26.202847463345034,2024-02-17T11:45:29,2024-02-21T06:45:18,2024-04-19T08:45:54,2024-04-19,centroid_hit
JNB0176,27.96588732894554,-26.202780601773984,2024-02-21T06:49:17,2024-02-21T06:56:25,2024-02-21T07:01:08,2024-02-21,centroid_hit
JNB0177,27.97589536915397,-26.202713044033622,2024-02-21T07:00:56,2024-02-21T07:08:12,2024-02-21T07:20:41,2024-02-21,centroid_hit
JNB0178,27.985903373648547,-26.202644790133427,2024-02-21T07:20:29,2024-02-21T07:25:17,2024-02-21T07:32:48,2024-02-21,centroid_hit
JNB0179,27.995911342063224,-26.202575840082982,2024-02-21T07:32:36,2024-02-21T07:37:28,2024-02-21T07:45:30,2024-02-21,centroid_hit
JNB0180,28.005919274031978,-26.202506193891995,2024-02-21T07:45:18,2024-02-21T07:50:57,2024-02-21T07:58:36,2024-02-21,centroid_hit
JNB0181,28.015927169188785,-26.202435851570225,2024-02-21T08:03:32,2024-02-21T08:10:36,2024-02-21T08:15:38,2024-02-21,centroid_hit
JNB0182,28.025935027167627,-26.202364813127573,2024-02-21T08:15:27,2024-02-21T08:22:25,2024-02-21T08:27:56,2024-02-21,centroid_hit
JNB0183,28.035942847602502,-26.202293078574012,2024-02-21T08:27:44,2024-02-21T08:34:42,2024-02-21T08:40:28,2024-02-21,centroid_hit
JNB0184,28.045950630127404,-26.202220647919614,2024-02-21T08:47:00,2024-02-21T08:53:24,2024-02-21T09:00:47,2024-02-21,centroid_hit
JNB0185,28.05595837437635,-26.20214752117457,2024-02-21T09:00:35,2024-02-21T09:07:14,2024-02-21T09:14:39,2024-02-21,centroid_hit
JNB0186,28.06596607998335,-26.20207369834914,2024-02-21T09:14:27,2024-02-21T09:21:29,2024-02-21T09:28:39,2024-02-21,centroid_hit
JNB0187,28.075973746582438,-26.201999179453697,2024-02-21T09:28:27,2024-02-21T09:42:19,2024-02-21T09:49:27,2024-02-21,centroid_hit
JNB0188,28.08598137380765,-26.201923964498718,2024-02-21T09:49:16,2024-04-19T08:38:37,2024-04-19T08:38:44,2024-04-19,centroid_hit
JNB0189,28.095988961293017,-26.201848053494754,2024-04-19T08:16:29,2024-04-19T08:24:34,2024-04-19T08:31:01,2024-04-19,centroid_hit
JNB0190,28.105996508672607,-26.201771446452486,2024-02-17T11:12:29,2024-02-17T11:18:49,2024-04-19T08:16:40,2024-04-19,centroid_hit
JNB0191,28.11600401558047,-26.20169414338266,2024-02-17T10:57:36,2024-02-17T11:04:04,2024-02-17T11:12:39,2024-02-17,centroid_hit
JNB0192,28.12601148165068,-26.201616144296146,2024-02-17T10:34:42,2024-02-17T10:48:38,2024-02-17T10:57:48,2024-02-17,centroid_hit
JNB0193,28.136018906517315,-26.201537449203897,2024-02-17T10:21:50,2024-02-17T10:29:45,2024-02-17T10:43:36,2024-02-17,centroid_hit
JNB0194,28.14602628981446,-26.201458058116973,2024-02-17T10:09:00,2024-02-17T10:16:55,2024-02-17T10:22:05,2024-02-17,centroid_hit
JNB0195,28.154374817187133,-26.2013912944004,2024-02-17T10:09:00,2024-02-17T10:09:10,2024-02-17T10:17:00,2024-02-17,centroid_hit
JNB0196,27.928070572193,-26.212058463964485,2024-02-17T11:28:08,2024-02-17T11:28:14,2024-02-17T11:32:58,2024-02-17,centroid_hit
JNB0197,27.935935202901103,-26.212007489143687,2024-02-17T11:28:08,2024-02-17T11:32:51,2024-02-17T11:41:50,2024-02-17,centroid_hit
JNB0198,27.945944119940116,-26.211941994007304,2024-02-17T11:36:21,2024-02-17T11:41:46,2024-04-19T08:45:42,2024-04-19,centroid_hit
JNB0199,27.95595300235186,-26.211875802407178,2024-02-17T11:45:35,2024-02-21T06:45:03,2024-04-19T08:45:42,2024-04-19,centroid_hit
JNB0200,27.965961849770146,-26.211808914352613,2024-02-21T06:49:31,2024-02-21T06:56:11,2024-02-21T07:01:22,2024-02-21,centroid_hit
JNB0201,27.975970661828804,-26.21174132985301,2024-02-21T07:01:09,2024-02-21T07:07:57,2024-02-21T07:20:29,2024-02-21,centroid_hit
JNB0202,27.98597943816166,-26.21167304891786,2024-02-21T07:20:16,2024-02-21T07:25:32,2024-02-21T07:32:34,2024-02-21,centroid_hit
JNB0203,27.995988178402552,-26.21160407155676,2024-02-21T07:32:22,2024-02-21T07:37:43,2024-02-21T07:45:17,2024-02-21,centroid_hit
JNB0204,28.005996882185336,-26.2115343977794,2024-02-21T07:45:05,2024-02-21T07:51:12,2024-02-21T08:03:58,2024-02-21,centroid_hit
JNB0205,28.01600554914386,-26.211464027595564,2024-02-21T08:03:46,2024-02-21T08:10:21,2024-02-21T08:15:53,2024-02-21,centroid_hit
JNB0206,28.026014178911982,-26.211392961015157,2024-02-21T08:15:41,2024-02-21T08:22:11,2024-02-21T08:28:10,2024-02-21,centroid_hit
JNB0207,28.03602277112358,-26.211321198048136,2024-02-21T08:27:57,2024-02-21T08:34:28,2024-02-21T08:46:47,2024-02-21,centroid_hit
JNB0208,28.04603132541253,-26.211248738704615,2024-02-21T08:46:46,2024-02-21T08:53:36,2024-02-21T09:00:34,2024-02-21,centroid_hit
JNB0209,28.056039841412726,-26.21117558299475,2024-02-21T08:53:42,2024-02-21T09:07:29,2024-02-21T09:14:26,2024-02-21,centroid_hit
JNB0210,28.066048318758053,-26.211101730928828,2024-02-21T09:14:14,2024-02-21T09:21:44,2024-02-21T09:28:24,2024-02-21,centroid_hit
JNB0211,28.076056757082423,-26.211027182517228,2024-02-21T09:28:15,2024-02-21T09:42:06,2024-02-21T09:49:42,2024-02-21,centroid_hit
JNB0212,28.086065156019743,-26.210951937770425,2024-02-21T09:49:30,2024-04-19T08:38:53,2024-04-19T08:38:59,2024-04-19,centroid_hit
JNB0213,28.09607351520394,-26.21087599669898,2024-04-19T08:16:17,2024-04-19T08:24:51,2024-04-19T08:30:49,2024-04-19,centroid_hit
JNB0214,28.106081834268938,-26.21079935931357,2024-02-17T11:12:41,2024-02-17T11:18:31,2024-04-19T08:16:27,2024-04-19,centroid_hit
JNB0215,28.116090112848678,-26.210722025624957,2024-02-17T10:57:49,2024-02-17T11:03:47,2024-02-17T11:12:51,2024-02-17,centroid_hit
JNB0216,28.12609835057711,-26.210643995644013,2024-02-17T10:34:27,2024-02-17T10:48:22,2024-02-17T10:58:00,2024-02-17,centroid_hit
JNB0217,28.13610654708819,-26.210565269381696,2024-02-17T10:21:34,2024-02-17T10:29:58,2024-02-17T10:43:49,2024-02-17,centroid_hit
JNB0218,28.14611470201588,-26.210485846849068,2024-02-17T10:08:43,2024-02-17T10:17:08,2024-02-17T10:21:48,2024-02-17,centroid_hit
JNB0219,28.15442560704826,-26.210336329512238,2024-02-17T10:08:43,2024-02-17T10:08:51,2024-02-17T10:17:00,2024-02-17,centroid_hit
JNB0220,27.928142204845166,-26.22108686383054,2024-02-17T11:28:20,2024-02-17T11:28:25,2024-02-17T11:32:44,2024-02-17,centroid_hit
JNB0221,27.93600744236567,-26.221035868823787,2024-02-17T11:28:20,2024-02-17T11:32:37,2024-02-17T11:41:38,2024-02-17,centroid_hit
JNB0222,27.9460171316562,-26.22097034775144,2024-02-17T11:36:33,2024-02-17T11:41:33,2024-02-17T11:51:22,2024-02-17,centroid_hit
JNB0223,27.956026786307874,-26.22090412993959,2024-02-17T11:51:13,2024-02-21T06:44:50,2024-04-19T08:45:29,2024-04-19,centroid_hit
JNB0224,27.966036405954384,-26.22083721539753,2024-02-21T06:49:46,2024-02-21T06:55:58,2024-02-21T07:01:36,2024-02-21,centroid_hit
JNB0225,27.976045990229437,-26.220769604134667,2024-02-21T07:01:23,2024-02-21T07:07:44,2024-02-21T07:20:15,2024-02-21,centroid_hit
JNB0226,27.986055538766735,-26.220701296160502,2024-02-21T07:20:03,2024-02-21T07:25:46,2024-02-21T07:32:21,2024-02-21,centroid_hit
JNB0227,27.9960650512,-26.220632291484645,2024-02-21T07:32:09,2024-02-21T07:37:57,2024-02-21T07:45:02,2024-02-21,centroid_hit
JNB0228,28.00607452716295,-26.22056259011677,2024-02-21T07:44:52,2024-02-21T07:51:26,2024-02-21T08:04:08,2024-02-21,centroid_hit
JNB0229,28.016083966289326,-26.220492192066693,2024-02-21T08:03:59,2024-02-21T08:10:08,2024-02-21T08:16:07,2024-02-21,centroid_hit
JNB0230,28.026093368212862,-26.220421097344293,2024-02-21T08:15:56,2024-02-21T08:21:58,2024-02-21T08:28:24,2024-02-21,centroid_hit
JNB0231,28.036102732567308,-26.220349305959566,2024-02-21T08:28:11,2024-02-21T08:34:15,2024-02-21T08:46:44,2024-02-21,centroid_hit
JNB0232,28.04611205898642,-26.220276817922592,2024-02-21T08:40:56,2024-02-21T08:53:53,2024-02-21T09:00:20,2024-02-21,centroid_hit
JNB0233,28.056121347103968,-26.220203633243568,2024-02-21T09:00:09,2024-02-21T09:07:43,2024-02-21T09:14:11,2024-02-21,centroid_hit
JNB0234,28.066130596553716,-26.220129751932767,2024-02-21T09:14:01,2024-02-21T09:21:58,2024-02-21T09:28:13,2024-02-21,centroid_hit
JNB0235,28.07613980696945,-26.220055174000574,2024-02-21T09:28:01,2024-02-21T09:41:52,2024-02-21T09:49:56,2024-02-21,centroid_hit
JNB0236,28.08614897798497,-26.219979899457464,2024-02-21T09:49:43,2024-04-19T08:39:09,2024-04-19T08:39:15,2024-04-19,centroid_hit
JNB0237,28.096158109234054,-26.219903928314025,2024-04-19T08:16:04,2024-04-19T08:25:06,2024-04-19T08:30:37,2024-04-19,centroid_hit
JNB0238,28.106167200350527,-26.21982726058092,2024-02-17T11:12:52,2024-02-17T11:18:15,2024-04-19T08:16:15,2024-04-19,centroid_hit
JNB0239,28.116176250968202,-26.219749896268933,2024-02-17T10:58:01,2024-02-17T11:03:32,2024-02-17T11:13:04,2024-02-17,centroid_hit
JNB0240,28.1261852607209,-26.21967183538892,2024-02-17T10:34:11,2024-02-17T10:48:07,2024-02-17T10:58:13,2024-02-17,centroid_hit
JNB0241,28.136194229242452,-26.219593077951853,2024-02-17T10:21:18,2024-02-17T10:30:13,2024-02-17T10:44:02,2024-02-17,centroid_hit
JNB0242,28.14620315616671,-26.219513623968805,2024-02-17T10:08:22,2024-02-17T10:17:20,2024-02-17T10:21:32,2024-02-17,centroid_hit
JNB0243,28.1537116226404,-26.219263868937723,2024-02-17T10:08:22,2024-02-17T10:08:34,2024-02-17T10:17:25,2024-02-17,centroid_hit
JNB0244,27.92888227262597,-26.22937059305987,2024-02-17T11:28:30,2024-02-17T11:28:32,2024-02-17T11:32:31,2024-02-17,centroid_hit
JNB0245,27.93607971610278,-26.23006423697915,2024-02-17T11:28:31,2024-02-17T11:32:22,2024-02-17T11:36:56,2024-02-17,centroid_hit
JNB0246,27.946090178011136,-26.229998689966948,2024-02-17T11:36:45,2024-02-17T11:46:03,2024-02-17T11:51:11,2024-02-17,centroid_hit
JNB0247,27.956100605269047,-26.22993244593942,2024-02-17T11:50:57,2024-02-21T06:44:36,2024-02-21T06:50:13,2024-02-21,centroid_hit
JNB0248,27.966110997510082,-26.229865504905888,2024-02-21T06:50:02,2024-02-21T06:55:44,2024-02-21T07:01:51,2024-02-21,centroid_hit
JNB0249,27.97612135436782,-26.22979786687575,2024-02-21T07:01:37,2024-02-21T07:07:31,2024-02-21T07:20:00,2024-02-21,centroid_hit
JNB0250,27.986131675475846,-26.229729531858514,2024-02-21T07:13:36,2024-02-21T07:25:59,2024-02-21T07:32:06,2024-02-21,centroid_hit
JNB0251,27.996141960467753,-26.229660499863794,2024-02-21T07:31:54,2024-02-21T07:38:11,2024-02-21T07:44:50,2024-02-21,centroid_hit
JNB0252,28.00615220897715,-26.229590770901268,2024-02-21T07:44:37,2024-02-21T07:51:40,2024-02-21T08:04:26,2024-02-21,centroid_hit
JNB0253,28.016162420637638,-26.22952034498075,2024-02-21T07:57:45,2024-02-21T08:09:55,2024-02-21T08:16:21,2024-02-21,centroid_hit
JNB0254,28.026172595082834,-26.22944922211214,2024-02-21T08:16:08,2024-02-21T08:21:45,2024-02-21T08:28:38,2024-02-21,centroid_hit
JNB0255,28.036182731946372,-26.229377402305424,2024-02-21T08:28:25,2024-02-21T08:34:02,2024-02-21T08:41:10,2024-02-21,centroid_hit
JNB0256,28.046192830861884,-26.2293048855707,2024-02-21T08:40:57,2024-02-21T08:54:06,2024-02-21T09:00:07,2024-02-21,centroid_hit
JNB0257,28.056202891463005,-26.229231671918157,2024-02-21T08:59:57,2024-02-21T09:07:57,2024-02-21T09:14:00,2024-02-21,centroid_hit
JNB0258,28.066212913383396,-26.229157761358085,2024-02-21T09:13:47,2024-02-21T09:22:12,2024-02-21T09:27:59,2024-02-21,centroid_hit
JNB0259,28.07622289625671,-26.229083153900863,2024-02-21T09:27:48,2024-02-21T09:41:39,2024-02-21T09:50:11,2024-02-21,centroid_hit
JNB0260,28.08623283971661,-26.22900784955699,2024-02-21T09:49:57,2024-04-19T08:39:24,2024-04-19T08:39:31,2024-04-19,centroid_hit
JNB0261,28.096242743396793,-26.228931848337034,2024-04-19T08:15:51,2024-04-19T08:25:21,2024-04-19T08:30:25,2024-04-19,centroid_hit
JNB0262,28.10625260693092,-26.228855150251672,2024-02-17T11:13:05,2024-02-17T11:17:56,2024-04-19T08:16:03,2024-04-19,centroid_hit
JNB0263,28.116262429952698,-26.228777755311704,2024-02-17T10:58:14,2024-02-17T11:03:18,2024-02-17T11:13:17,2024-02-17,centroid_hit
JNB0264,28.126272212095827,-26.228699663527976,2024-02-17T10:33:48,2024-02-17T10:47:49,2024-02-17T10:58:27,2024-02-17,centroid_hit
JNB0265,28.13628195299402,-26.228620874911485,2024-02-17T10:21:00,2024-02-17T10:30:26,2024-02-17T10:44:16,2024-02-17,centroid_hit
JNB0266,28.14629165228099,-26.22854138947329,2024-02-17T10:08:17,2024-02-17T10:17:32,2024-02-17T10:30:20,2024-02-17,centroid_hit
JNB0267,28.1537975530273,-26.226765348387616,2024-02-17T10:08:17,2024-02-17T10:08:17,2024-02-17T10:17:35,2024-02-17,centroid_hit
JNB0268,27.929687150832617,-26.239134567465996,2024-02-17T11:31:59,2024-02-17T11:32:03,2024-02-17T11:32:14,2024-02-17,centroid_hit
JNB0269,27.936152024123896,-26.239092593606944,2024-02-17T11:31:59,2024-02-17T11:32:08,2024-02-17T11:37:08,2024-02-17,centroid_hit
JNB0270,27.946163259016522,-26.23902702065099,2024-02-17T11:36:58,2024-02-17T11:41:05,2024-02-17T11:50:56,2024-02-17,centroid_hit
JNB0271,27.956174459247098,-26.238960750403855,2024-02-17T11:50:40,2024-02-21T06:44:22,2024-02-21T06:50:28,2024-02-21,centroid_hit
JNB0272,27.966185624449082,-26.238893782874868,2024-02-21T06:50:16,2024-02-21T06:55:31,2024-02-21T07:02:03,2024-02-21,centroid_hit
JNB0273,27.97619675425592,-26.23882611807343,2024-02-21T07:01:51,2024-02-21T07:07:18,2024-02-21T07:19:47,2024-02-21,centroid_hit
JNB0274,27.98620784830108,-26.238757756009054,2024-02-21T07:19:36,2024-02-21T07:26:13,2024-02-21T07:31:53,2024-02-21,centroid_hit
JNB0275,27.99621890621803,-26.238688696691362,2024-02-21T07:31:41,2024-02-21T07:38:24,2024-02-21T07:44:36,2024-02-21,centroid_hit
JNB0276,28.006229927640252,-26.23861894013004,2024-02-21T07:44:24,2024-02-21T07:51:53,2024-02-21T08:04:40,2024-02-21,centroid_hit
JNB0277,28.016240912201233,-26.2385484863349,2024-02-21T07:57:39,2024-02-21T08:09:43,2024-02-21T08:16:36,2024-02-21,centroid_hit
JNB0278,28.026251859534472,-26.238477335315846,2024-02-21T08:16:22,2024-02-21T08:21:32,2024-02-21T08:28:51,2024-02-21,centroid_hit
JNB0279,28.036262769273463,-26.238405487082876,2024-02-21T08:28:40,2024-02-21T08:33:49,2024-02-21T08:41:25,2024-02-21,centroid_hit
JNB0280,28.046273641051727,-26.23833294164609,2024-02-21T08:41:11,2024-02-21T08:54:21,2024-02-21T08:59:54,2024-02-21,centroid_hit
JNB0281,28.056284474502778,-26.23825969901567,2024-02-21T08:59:43,2024-02-21T09:08:11,2024-02-21T09:13:47,2024-02-21,centroid_hit
JNB0282,28.06629526926015,-26.23818575920193,2024-02-21T09:13:35,2024-02-21T09:22:26,2024-02-21T09:36:47,2024-02-21,centroid_hit
JNB0283,28.076306024957372,-26.23811112221525,2024-02-21T09:27:47,2024-02-21T09:41:26,2024-02-21T09:50:25,2024-02-21,centroid_hit
JNB0284,28.086316741227996,-26.238035788066124,2024-02-21T09:50:12,2024-04-19T08:39:39,2024-04-19T08:39:47,2024-04-19,centroid_hit
JNB0285,28.096327417705574,-26.237959756765132,2024-04-19T08:15:38,2024-04-19T08:25:36,2024-04-19T08:30:11,2024-04-19,centroid_hit
JNB0286,28.106338054023666,-26.237883028322962,2024-02-17T11:13:18,2024-02-17T11:17:42,2024-04-19T08:15:50,2024-04-19,centroid_hit
JNB0287,28.116348649815848,-26.237805602750402,2024-02-17T10:58:27,2024-02-17T11:02:59,2024-02-17T11:13:29,2024-02-17,centroid_hit
JNB0288,28.126359204715694,-26.23772748005833,2024-02-17T10:33:24,2024-02-17T10:47:33,2024-02-17T10:58:40,2024-02-17,centroid_hit
JNB0289,28.1363697183568,-26.237648660257722,2024-02-17T10:20:47,2024-02-17T10:30:40,2024-02-17T10:44:29,2024-02-17,centroid_hit
JNB0290,28.14596765017847,-26.237360240628426,2024-02-17T10:17:40,2024-02-17T10:17:45,2024-02-17T10:30:44,2024-02-17,centroid_hit
JNB0291,27.937047216628397,-26.247795166227778,2024-02-17T11:37:08,2024-02-17T11:37:14,2024-02-17T11:40:57,2024-02-17,centroid_hit
JNB0292,27.946236374683956,-26.248055339800732,2024-02-17T11:37:09,2024-02-17T11:40:52,2024-02-17T11:50:39,2024-02-17,centroid_hit
JNB0293,27.95624834825375,-26.24798904333005,2024-02-17T11:50:26,2024-02-21T06:44:10,2024-02-21T06:50:42,2024-02-21,centroid_hit
JNB0294,27.96626028678322,-26.24792204930162,2024-02-21T06:50:31,2024-02-21T06:55:18,2024-02-21T07:02:19,2024-02-21,centroid_hit
JNB0295,27.9762721899057,-26.247854357724854,2024-02-21T07:02:06,2024-02-21T07:07:05,2024-02-21T07:19:34,2024-02-21,centroid_hit
JNB0296,27.98628405725452,-26.247785968609286,2024-02-21T07:19:23,2024-02-21T07:26:27,2024-02-21T07:31:40,2024-02-21,centroid_hit
JNB0297,27.99629588846303,-26.24771688196451,2024-02-21T07:31:28,2024-02-21T07:38:38,2024-02-21T07:44:23,2024-02-21,centroid_hit
JNB0298,28.006307683164597,-26.247647097800243,2024-02-21T07:44:11,2024-02-21T07:52:06,2024-02-21T07:57:29,2024-02-21,centroid_hit
JNB0299,28.01631944099258,-26.24757661612629,2024-02-21T08:04:42,2024-02-21T08:09:30,2024-02-21T08:16:48,2024-02-21,centroid_hit
JNB0300,28.02633116158035,-26.247505436952558,2024-02-21T08:16:37,2024-02-21T08:21:19,2024-02-21T08:29:06,2024-02-21,centroid_hit
JNB0301,28.036342844561286,-26.247433560289057,2024-02-21T08:28:54,2024-02-21T08:33:36,2024-02-21T08:41:39,2024-02-21,centroid_hit
JNB0302,28.046354489568785,-26.247360986145885,2024-02-21T08:45:54,2024-02-21T08:54:35,2024-02-21T08:59:42,2024-02-21,centroid_hit
JNB0303,28.056366096236236,-26.24728771453325,2024-02-21T08:59:30,2024-02-21T09:08:25,2024-02-21T09:13:33,2024-02-21,centroid_hit
JNB0304,28.06637766419705,-26.24721374546144,2024-02-21T09:13:21,2024-02-21T09:22:40,2024-02-21T09:27:33,2024-02-21,centroid_hit
JNB0305,28.07638919308464,-26.247139078940858,2024-02-21T09:27:29,2024-02-21T09:41:13,2024-02-21T09:50:38,2024-02-21,centroid_hit
JNB0306,28.086400682532428,-26.247063714981994,2024-02-21T09:50:27,2024-04-19T08:39:54,2024-04-19T08:40:02,2024-04-19,centroid_hit
JNB0307,28.096412132173842,-26.24698765359545,2024-04-19T08:15:26,2024-04-19T08:25:52,2024-04-19T08:29:59,2024-04-19,centroid_hit
JNB0308,28.10642354164233,-26.24691089479191,2024-02-17T11:13:30,2024-02-17T11:17:25,2024-04-19T08:15:37,2024-04-19,centroid_hit
JNB0309,28.11643491057133,-26.24683343858216,2024-02-17T10:58:40,2024-02-17T11:02:46,2024-02-17T11:13:41,2024-02-17,centroid_hit
JNB0310,28.12644623859431,-26.246755284977088,2024-02-17T10:33:19,2024-02-17T10:47:18,2024-02-17T10:58:53,2024-02-17,centroid_hit
JNB0311,28.135871511175562,-26.2456446674531,2024-02-17T10:30:44,2024-02-17T10:33:17,2024-02-17T10:44:40,2024-02-17,centroid_hit
JNB0312,27.94645503204644,-26.256972877844248,2024-02-17T11:40:37,2024-02-17T11:40:37,2024-02-17T11:50:23,2024-02-17,centroid_hit
JNB0313,27.956322272300735,-26.257017324715168,2024-02-17T11:50:09,2024-02-21T06:43:55,2024-02-21T06:50:57,2024-02-21,centroid_hit
JNB0314,27.966334984524362,-26.256950304183313,2024-02-21T06:50:45,2024-02-21T06:55:03,2024-02-21T07:02:33,2024-02-21,centroid_hit
JNB0315,27.976347661329132,-26.256882585827206,2024-02-21T07:02:20,2024-02-21T07:06:50,2024-02-21T07:19:21,2024-02-21,centroid_hit
JNB0316,27.986360302348267,-26.256814169656362,2024-02-21T07:19:09,2024-02-21T07:26:42,2024-02-21T07:31:27,2024-02-21,centroid_hit
JNB0317,27.996372907214987,-26.256745055680394,2024-02-21T07:31:15,2024-02-21T07:38:54,2024-02-21T07:44:10,2024-02-21,centroid_hit
JNB0318,28.00638547556253,-26.256675243909026,2024-02-21T07:43:58,2024-02-21T07:52:23,2024-02-21T07:57:16,2024-02-21,centroid_hit
JNB0319,28.016398007024137,-26.256604734352063,2024-02-21T08:04:56,2024-02-21T08:09:15,2024-02-21T08:17:04,2024-02-21,centroid_hit
JNB0320,28.026410501233062,-26.256533527019428,2024-02-21T08:16:51,2024-02-21T08:21:04,2024-02-21T08:29:20,2024-02-21,centroid_hit
JNB0321,28.036422957822555,-26.256461621921122,2024-02-21T08:29:08,2024-02-21T08:33:22,2024-02-21T08:41:53,2024-02-21,centroid_hit
JNB0322,28.04643537642589,-26.256389019067253,2024-02-21T08:41:50,2024-02-21T08:54:50,2024-02-21T08:59:29,2024-02-21,centroid_hit
JNB0323,28.056447756676334,-26.25631571846803,2024-02-21T08:59:17,2024-02-21T09:08:40,2024-02-21T09:13:18,2024-02-21,centroid_hit
JNB0324,28.066460098207177,-26.25624172013375,2024-02-21T09:13:08,2024-02-21T09:22:55,2024-02-21T09:27:20,2024-02-21,centroid_hit
JNB0325,28.07647240065171,-26.256167024074834,2024-02-21T09:37:02,2024-02-21T09:40:59,2024-02-21T09:50:53,2024-02-21,centroid_hit
JNB0326,28.08648466364323,-26.256091630301757,2024-02-21T09:50:39,2024-04-19T08:40:11,2024-04-19T08:40:17,2024-04-19,centroid_hit
JNB0327,28.096496886815043,-26.256015538825128,2024-04-19T08:15:14,2024-04-19T08:26:08,2024-04-19T08:29:47,2024-04-19,centroid_hit
JNB0328,28.10650906980047,-26.255938749655645,2024-02-17T11:13:43,2024-02-17T11:17:09,2024-04-19T08:15:25,2024-04-19,centroid_hit
JNB0329,28.116516325403488,-26.255855509736804,2024-02-17T10:58:54,2024-02-17T11:02:28,2024-02-17T11:13:55,2024-02-17,centroid_hit
JNB0330,28.12553148404534,-26.254530244017552,2024-02-17T10:44:40,2024-02-17T10:47:06,2024-02-17T10:59:02,2024-02-17,centroid_hit
JNB0331,27.94790033758622,-26.265737615960763,2024-02-17T11:46:50,2024-02-17T11:46:53,2024-02-17T11:50:08,2024-02-17,centroid_hit
JNB0332,27.956396231399786,-26.266045594556388,2024-02-17T11:46:53,2024-02-21T06:43:41,2024-02-21T06:51:12,2024-02-21,centroid_hit
JNB0333,27.966409717684357,-26.265978547517122,2024-02-21T06:51:00,2024-02-21T06:54:50,2024-02-21T07:02:47,2024-02-21,centroid_hit
JNB0334,27.976423168538208,-26.265910802377633,2024-02-21T07:02:34,2024-02-21T07:06:37,2024-02-21T07:19:07,2024-02-21,centroid_hit
JNB0335,27.986436583594426,-26.265842359147438,2024-02-21T07:14:34,2024-02-21T07:26:56,2024-02-21T07:31:12,2024-02-21,centroid_hit
JNB0336,27.996449962486118,-26.265773217836177,2024-02-21T07:31:02,2024-02-21T07:39:07,2024-02-21T07:43:56,2024-02-21,centroid_hit
JNB0337,28.0064633048464,-26.265703378453555,2024-02-21T07:43:45,2024-02-21T07:52:37,2024-02-21T08:05:22,2024-02-21,centroid_hit
JNB0338,28.016476610308384,-26.26563284100939,2024-02-21T07:56:55,2024-02-21T08:09:02,2024-02-21T08:17:16,2024-02-21,centroid_hit
JNB0339,28.0264898785052,-26.26556160551361,2024-02-21T08:17:05,2024-02-21T08:20:51,2024-02-21T08:29:33,2024-02-21,centroid_hit
JNB0340,28.036503109069987,-26.265489671976216,2024-02-21T08:29:21,2024-02-21T08:33:08,2024-02-21T08:45:38,2024-02-21,centroid_hit
JNB0341,28.04651630163588,-26.265417040407335,2024-02-21T08:45:26,2024-02-21T08:55:04,2024-02-21T08:59:16,2024-02-21,centroid_hit
JNB0342,28.05652945583604,-26.265343710817167,2024-02-21T08:55:02,2024-02-21T09:08:54,2024-02-21T09:13:07,2024-02-21,centroid_hit
JNB0343,28.06654257130362,-26.265269683216026,2024-02-21T09:12:55,2024-02-21T09:23:06,2024-02-21T09:27:07,2024-02-21,centroid_hit
JNB0344,28.076555647671796,-26.26519495761431,2024-02-21T09:26:55,2024-02-21T09:40:46,2024-02-21T09:51:07,2024-02-21,centroid_hit
JNB0345,28.086568684573734,-26.265119534022535,2024-02-21T09:50:55,2024-04-19T08:40:26,2024-04-19T08:40:32,2024-04-19,centroid_hit
JNB0346,28.096581681642633,-26.265043412451302,2024-04-19T08:12:46,2024-04-19T08:26:23,2024-04-19T08:29:35,2024-04-19,centroid_hit
JNB0347,28.10652430317302,-26.2649093069458,2024-02-17T11:13:53,2024-02-17T11:16:52,2024-04-19T08:15:13,2024-04-19,centroid_hit
JNB0348,28.115017108131703,-26.2633169706577,2024-02-17T11:02:22,2024-02-17T11:13:58,2024-02-17T11:17:02,2024-02-17,centroid_hit
JNB0349,27.95646855586765,-26.274870175471055,2024-02-21T06:43:25,2024-02-21T06:43:28,2024-02-21T06:51:23,2024-02-21,centroid_hit
JNB0350,27.96653602880913,-26.274937570967946,2024-02-21T06:51:13,2024-02-21T06:54:37,2024-02-21T07:03:00,2024-02-21,centroid_hit
JNB0351,27.97649871154491,-26.274939007373302,2024-02-21T07:02:49,2024-02-21T07:06:24,2024-02-21T07:18:53,2024-02-21,centroid_hit
JNB0352,27.98651290100511,-26.2748705370797,2024-02-21T07:18:43,2024-02-21T07:27:10,2024-02-21T07:30:59,2024-02-21,centroid_hit
JNB0353,27.996527054288666,-26.27480136842902,2024-02-21T07:30:49,2024-02-21T07:39:21,2024-02-21T07:43:43,2024-02-21,centroid_hit
JNB0354,28.006541171028566,-26.27473150143099,2024-02-21T07:43:30,2024-02-21T07:52:50,2024-02-21T08:05:37,2024-02-21,centroid_hit
JNB0355,28.0165552508578,-26.274660936095426,2024-02-21T08:05:23,2024-02-21T08:08:49,2024-02-21T08:17:33,2024-02-21,centroid_hit
JNB0356,28.026569293409377,-26.274589672432256,2024-02-21T08:17:20,2024-02-21T08:20:38,2024-02-21T08:29:47,2024-02-21,centroid_hit
JNB0357,28.036583298316305,-26.2745177104515,2024-02-21T08:29:36,2024-02-21T08:32:55,2024-02-21T08:42:20,2024-02-21,centroid_hit
JNB0358,28.04659726521161,-26.27444505016328,2024-02-21T08:42:19,2024-02-21T08:55:18,2024-02-21T08:59:01,2024-02-21,centroid_hit
JNB0359,28.05661119372832,-26.2743716915778,2024-02-21T08:58:51,2024-02-21T09:09:08,2024-02-21T09:12:52,2024-02-21,centroid_hit
JNB0360,28.06662508349947,-26.274297634705388,2024-02-21T09:12:42,2024-02-21T09:23:22,2024-02-21T09:26:52,2024-02-21,centroid_hit
JNB0361,28.076638934158108,-26.274222879556444,2024-02-21T09:37:32,2024-02-21T09:40:33,2024-02-21T09:51:21,2024-02-21,centroid_hit
JNB0362,28.08665274533729,-26.27414742614148,2024-02-21T09:51:10,2024-04-19T08:40:42,2024-04-19T08:40:48,2024-04-19,centroid_hit
JNB0363,28.096607855989195,-26.273973957280077,2024-04-19T08:14:57,2024-04-19T08:26:38,2024-04-19T08:29:22,2024-04-19,centroid_hit
JNB0364,28.105459222782166,-26.272122152424906,2024-04-19T08:12:58,2024-04-19T08:13:01,2024-04-19T08:15:03,2024-04-19,centroid_hit
JNB0365,27.96873160059762,-26.283314148957533,2024-02-21T07:03:02,2024-02-21T07:03:07,2024-02-21T07:06:17,2024-02-21,centroid_hit
JNB0366,27.97657429036124,-26.283967200811386,2024-02-21T07:03:03,2024-02-21T07:06:11,2024-02-21T07:18:39,2024-02-21,centroid_hit
JNB0367,27.986589254592445,-26.28389870345029,2024-02-21T07:18:30,2024-02-21T07:27:24,2024-02-21T07:30:46,2024-02-21,centroid_hit
JNB0368,27.996604182634876,-26.28382950745608,2024-02-21T07:30:34,2024-02-21T07:39:34,2024-02-21T07:43:29,2024-02-21,centroid_hit
JNB0369,28.006619074121392,-26.283759612838473,2024-02-21T07:43:17,2024-02-21T07:53:04,2024-02-21T08:05:50,2024-02-21,centroid_hit
JNB0370,28.016633928684872,-26.283689019607316,2024-02-21T08:05:38,2024-02-21T08:08:35,2024-02-21T08:17:45,2024-02-21,centroid_hit
JNB0371,28.026648745958198,-26.283617727772523,2024-02-21T08:17:34,2024-02-21T08:20:25,2024-02-21T08:30:01,2024-02-21,centroid_hit
JNB0372,28.036663525574255,-26.283545737344124,2024-02-21T08:29:50,2024-02-21T08:32:42,2024-02-21T08:45:12,2024-02-21,centroid_hit
JNB0373,28.04667826716594,-26.28347304833224,2024-02-21T08:42:27,2024-02-21T08:55:32,2024-02-21T08:58:48,2024-02-21,centroid_hit
JNB0374,28.056692970366164,-26.283399660747087,2024-02-21T08:58:39,2024-02-21T09:09:22,2024-02-21T09:12:40,2024-02-21,centroid_hit
JNB0375,28.066707634807837,-26.283325574598987,2024-02-21T09:12:30,2024-02-21T09:23:36,2024-02-21T09:37:50,2024-02-21,centroid_hit
JNB0376,28.076722260123887,-26.283250789898357,2024-02-21T09:26:32,2024-02-21T09:40:20,2024-02-21T09:51:32,2024-02-21,centroid_hit
JNB0377,28.086020352083814,-26.282438924579804,2024-02-21T09:51:22,2024-04-19T08:40:55,2024-04-19T08:40:55,2024-04-19,centroid_hit
JNB0378,27.97662551082707,-26.29008325360579,2024-02-21T07:06:02,2024-02-21T07:06:02,2024-02-21T07:18:31,2024-02-21,centroid_hit
JNB0379,27.98664100012774,-26.290014737905775,2024-02-21T07:18:26,2024-02-21T07:27:32,2024-02-21T07:30:37,2024-02-21,centroid_hit
JNB0380,27.996656453231413,-26.28994552338562,2024-02-21T07:30:33,2024-02-21T07:39:43,2024-02-21T07:43:21,2024-02-21,centroid_hit
JNB0381,28.00667186977087,-26.289875610055063,2024-02-21T07:43:16,2024-02-21T07:53:12,2024-02-21T08:05:50,2024-02-21,centroid_hit
JNB0382,28.016687249378897,-26.289804997923923,2024-02-21T07:56:23,2024-02-21T08:08:29,2024-02-21T08:17:46,2024-02-21,centroid_hit
